Goal_x,Goal_y
85,-1
86,0
84,2
-83,-6
83,5
65,-20
-78,9
72,2
82,5
58,23
-57,18
38,-21
64,15
80,-6
36,-6
-72,-4
76,16
82,4
-66,-12
-79,-3
65,23
80,10
-86,-5
58,-31
77,3
-32,-11
-66,4
84,3
85,5
-36,-37
-88,4
71,-1
61,15
-80,7
51,-4
-56,5
82,0
-82,-4
-79,1
-3,-3
-77,15
-64,-25
73,-2
80,-3
-82,6
79,-1
-60,5
-80,-3
-80,-5
-84,-6
-78,7
-73,11
81,0
60,-14
82,2
83,2
70,0
83,2
65,30
62,20
68,11
-65,6
78,25
-68,14
-84,8
83,10
71,-22
-71,-16
-78,2
83,-5
74,19
-77,-19
78,1
-71,-3
-32,18
-74,-10
34,12
-71,-18
-60,-2
-49,5
75,-1
-73,-3
-72,-4
-67,19
66,36
74,2
-63,-29
64,-23
-76,13
-80,-3
-66,25
-64,-22
54,-11
73,20
73,16
-73,-9
-88,-5
51,-28
-60,-22
-74,2
79,15
86,-1
-84,-4
76,10
66,12
78,-1
66,-14
-78,5
-73,-14
-75,19
-69,-12
61,-20
79,3
76,5
-48,-13
-76,10
71,11
-64,23
81,9
75,-3
59,3
78,-3
-76,-15
76,7
-81,3
79,1
77,10
74,-9
-67,-18
70,-18
74,-18
83,-5
-88,4
-71,8
66,26
87,-6
-79,-5
-61,-14
80,-8
-64,14
-59,-16
-66,21
68,-16
48,4
-80,10
-80,-7
85,-2
85,1
81,2
-64,-17
68,-17
-57,-19
87,-20
58,25
69,20
-67,17
-75,0
-80,4
-72,-20
-42,-10
85,-3
-75,16
-89,5
-58,-11
-88,7
29,35
-82,-4
82,5
85,-12
-63,-17
-73,14
74,3
-56,2
81,9
-85,22
-72,-1
86,-3
-76,1
-83,5
-77,-11
82,-3
-58,-24
68,-3
88,-3
72,-12
66,-15
-85,7
-78,-3
-39,22
45,0
33,17
48,-8
83,0
-37,-10
65,-22
58,24
73,7
50,-17
85,0
-85,0
81,-5
-56,5
-79,0
-75,16
-73,3
64,-18
85,-7
-52,25
81,-4
88,-3
-71,-4
82,-20
87,13
79,-19
76,-21
69,-2
83,6
-47,24
-76,7
82,0
75,2
78,9
82,0
-85,-15
83,3
-56,16
-70,-2
70,11
83,-3
-51,18
-86,7
86,4
88,-2
-79,24
79,5
81,1
-58,-14
-65,11
53,6
84,2
-69,13
-64,-14
54,-40
80,8
81,1
-78,5
-85,5
71,26
83,2
85,-2
61,-12
65,-10
-59,-9
80,3
69,19
64,14
-65,13
-60,-38
58,-17
77,-36
-86,-2
63,6
85,-25
-87,6
-62,-19
-75,15
-81,-4
81,-6
65,22
-65,-21
-39,-17
-64,25
66,-19
-83,3
-85,-5
-67,-25
-53,6
88,-4
-81,-12
-60,-18
-72,19
49,31
-73,27
-77,1
-80,2
-39,18
-65,17
81,6
-87,3
87,16
67,-17
-82,1
-48,-21
-84,-3
-74,29
84,-2
-63,-17
-70,6
47,-14
74,5
-84,8
75,13
-82,5
77,-28
80,-12
80,11
-56,5
81,-3
87,2
-43,18
-71,-40
69,-15
-79,-12
-48,21
82,1
77,20
-87,2
-61,6
-83,9
78,20
74,0
81,3
56,9
70,-17
60,4
-78,-12
-32,-22
-74,16
64,-4
-55,15
-64,-5
-81,2
81,-4
53,22
-74,-1
60,20
60,20
88,1
75,-5
-68,19
81,-3
36,12
77,3
82,-11
57,11
73,-22
-80,-13
-85,6
-32,-20
-85,13
89,-19
-85,-6
71,-1
64,13
-86,33
73,-12
-83,-2
77,-1
79,-1
-69,-6
43,-14
76,3
-70,0
67,3
79,-11
81,4
29,22
-87,0
84,-4
-56,-22
-59,-21
87,11
85,-7
-57,22
-86,-3
-33,22
-72,-7
66,10
-85,-6
-72,24
71,6
75,-2
85,-3
63,-17
-87,-16
-85,-3
85,0
-78,-11
-47,22
84,-3
48,-34
-63,-5
-85,5
-32,-28
88,-22
85,-9
84,1
-72,15
80,3
-94,9
-69,-17
79,7
74,7
86,15
-86,4
-69,19
76,6
82,6
84,6
81,3
71,3
-85,3
-7,25
39,21
39,-10
79,-1
-82,-3
-81,0
61,1
-62,-6
-86,24
-72,-9
76,-10
-88,5
-73,7
-78,-18
-81,4
80,3
-76,-17
86,-2
-74,-7
76,18
-11,0
-65,15
-62,-12
-66,-12
-55,-15
65,-3
83,-4
-66,-6
41,-21
-64,0
84,-5
-76,-6
-66,17
-62,25
81,5
-50,-20
75,-4
-75,0
81,2
-84,2
-4,34
81,0
-82,6
68,4
-78,-16
-64,15
-80,3
81,11
79,1
-37,-19
-34,13
-58,14
-77,-11
-79,-4
65,-24
75,5
84,10
-81,-6
-64,-20
86,-6
74,12
-83,-7
74,2
-78,-1
-86,3
-67,16
-49,-22
75,-12
78,4
59,-12
-64,9
-64,-24
-92,-31
83,-6
-85,0
-88,7
85,8
-87,4
68,27
73,-10
75,6
60,18
69,-22
-69,-23
-77,-1
-68,-13
-85,-6
78,1
86,1
66,-15
65,-7
-57,-4
66,19
-64,11
60,24
71,12
86,-2
-71,7
-78,-15
-77,-4
-84,-4
55,-11
83,6
-42,-24
-80,-1
56,-13
67,-14
-49,-27
-73,0
-84,-2
-77,25
-63,20
69,-28
73,-30
-71,-11
-73,20
-62,-3
83,-1
35,13
39,22
70,-6
69,19
75,-15
82,4
80,0
76,-7
-34,7
55,-31
63,11
-80,14
86,5
-88,2
51,18
67,34
76,14
85,0
86,5
81,-2
-50,-26
53,1
-63,-19
-59,7
-80,0
78,4
-78,-3
-62,14
-79,11
-83,-7
-73,15
43,5
66,0
-30,-22
80,2
-67,11
33,0
86,-7
82,0
-61,-2
70,-6
-69,-7
-72,-2
-86,-4
-65,19
-88,-5
82,2
-72,-1
83,-6
-68,4
84,-8
-80,4
-77,4
-81,-5
84,-4
72,5
-69,19
86,-5
71,10
54,21
52,5
63,-16
61,13
-70,-13
56,-7
-80,9
71,-15
-78,-15
66,9
-76,7
-58,-11
-81,-7
36,19
-76,0
-54,22
-80,5
-69,10
82,-7
-77,6
-74,-22
-74,-3
-71,-38
66,-4
-62,12
73,-3
82,5
-72,-10
-85,-4
68,0
74,5
-75,2
-74,3
85,-8
-60,6
74,5
-72,-1
-69,0
-82,-10
-82,-8
-81,-8
-80,-1
59,-9
-75,14
-77,1
-83,9
62,19
-59,-16
81,3
81,2
-60,-15
-79,-2
77,-1
-86,-2
-78,4
-50,-28
-56,-24
-50,10
48,-20
-71,0
73,0
-86,4
-82,7
-76,-1
-51,2
70,39
70,-13
63,-16
-61,-17
56,-6
-67,-2
-3,36
-83,-6
59,3
-35,4
82,2
-76,0
77,1
79,4
-81,3
-78,1
64,16
64,-16
-78,2
-67,-26
-75,2
85,-11
-56,-14
-66,-21
-63,20
60,16
-76,3
-56,-13
70,2
-68,1
79,8
61,3
-33,37
6,-37
-86,4
67,14
-82,-8
64,9
-81,4
-74,4
-40,26
-64,-16
-79,-13
86,-6
-58,-19
76,7
-66,-8
-37,24
53,-1
51,21
78,0
-82,9
-83,11
79,-2
38,27
72,-16
-76,1
85,14
30,-35
74,-26
75,-8
72,17
32,3
-34,-24
-63,2
77,3
68,-18
-77,-9
62,29
82,7
-61,4
72,-5
65,9
69,2
73,10
-62,0
72,-1
-67,3
-82,-19
86,1
77,-1
70,-2
15,25
76,-14
-13,-7
-10,-27
-73,6
41,18
-76,4
-80,-4
72,3
34,20
79,2
-73,-16
59,7
-73,-6
-72,0
49,22
69,19
45,-4
39,-23
72,-24
-78,-4
-71,11
82,8
77,1
53,30
80,7
-58,-3
79,11
81,-1
71,1
-77,0
79,1
-69,-1
68,9
63,-4
66,-13
79,-4
-72,14
-67,2
-65,-22
-91,-8
84,-6
82,3
-59,27
-67,-17
76,3
78,-5
-75,9
61,10
-78,-7
-73,18
82,-3
-73,-41
-72,-4
-71,-6
-75,-7
41,1
-62,12
76,17
86,-5
-76,14
-81,-6
82,-6
82,-4
-79,1
-65,13
88,7
45,37
72,20
74,10
84,16
62,-1
-81,1
58,-6
-33,-1
-53,-14
-83,14
-74,3
76,11
79,-2
77,1
54,-22
-62,-5
50,-2
66,2
73,6
-77,1
-77,-7
-64,-15
-82,2
78,0
-71,11
-85,-3
37,5
-74,1
70,7
-67,6
85,-11
-8,-29
81,-3
78,2
-43,14
82,-6
-76,-18
-55,16
62,-17
82,-3
80,3
59,-32
65,19
-36,33
44,-14
68,-21
-75,-5
-62,5
-63,-2
76,7
84,-3
-82,3
-86,10
-40,23
70,18
-56,-2
-56,2
66,-2
82,-6
-84,-9
77,-29
-77,2
65,5
76,-7
-43,30
-97,9
57,-22
76,-15
-63,-19
69,-6
0,-39
-68,2
81,7
62,9
76,7
-61,-6
-71,-13
-79,-11
73,5
72,-1
71,-5
70,7
73,0
37,2
-85,-9
85,-4
-79,7
-84,-9
-59,19
69,9
79,3
-77,-3
-76,0
80,0
-76,1
-60,1
-81,-3
-86,-5
-79,-3
-58,-25
76,-13
-54,-18
-75,-16
-72,21
79,-16
-68,-1
-77,1
-79,3
-62,-9
-84,-4
-85,6
-83,-11
75,16
81,-8
-50,9
-81,0
78,13
56,0
-57,22
-51,14
73,0
80,4
76,8
-83,-2
-81,-2
77,3
81,4
-82,8
-77,9
-82,1
-58,19
-67,-15
82,9
-52,-4
-79,-4
-78,3
51,-9
85,4
61,4
-82,8
-75,-2
61,17
74,15
70,-36
68,11
73,13
74,8
66,2
-74,13
64,8
-54,12
40,22
-70,9
-46,-1
-65,19
94,-6
67,-4
78,-1
-62,22
-81,5
-57,-18
79,24
70,-16
-62,0
70,-2
-59,-12
62,29
-79,-1
-31,35
76,0
-80,9
-77,1
80,2
48,17
71,19
-32,-27
80,4
77,2
-72,10
-54,-32
66,-20
76,-6
69,-2
-62,6
77,2
34,16
36,7
71,0
-79,-6
71,-5
-54,-24
64,22
-71,8
-81,1
59,19
-75,28
-34,-8
-86,6
-77,1
62,23
-75,-2
-80,3
-71,0
-80,3
-56,-15
-62,12
-72,-2
-45,6
45,8
-83,-14
92,14
-84,9
81,-6
-86,6
83,-5
-32,2
-80,-2
-86,3
-58,-11
-62,24
89,-8
87,3
5,-37
-80,1
-54,-5
66,31
-74,-2
-73,-2
-75,7
-82,3
-38,-5
84,-8
58,6
83,-6
91,-7
-60,8
-81,-8
78,4
41,-28
53,-6
83,-3
76,13
-84,7
80,-1
79,14
-49,13
-52,20
80,6
78,2
49,29
-68,-24
-82,6
-80,-20
-75,26
61,18
-58,-19
68,0
-79,-11
59,-26
-81,4
68,-1
-78,7
76,5
-79,-2
85,-7
84,-6
86,-1
-80,3
-35,26
-79,0
-71,2
-82,-2
-86,-5
-81,-1
-86,11
-74,4
31,13
-83,-2
65,4
-80,3
-83,-12
74,-17
-69,-7
77,-3
61,1
63,-3
52,-31
-78,2
75,-11
-86,-3
-71,5
-81,1
77,8
-79,-9
80,1
53,14
76,-11
-87,22
82,-1
-72,1
-69,4
-79,-6
-81,4
65,-17
-56,-23
-81,10
-57,21
74,-2
-70,-6
75,15
68,25
45,13
-80,3
-79,0
-34,21
-72,-10
66,-21
-38,16
67,3
-65,-8
81,8
-57,-23
78,3
67,-9
-66,6
-80,-5
9,35
34,-25
78,3
68,-9
85,-23
-77,-2
-66,-9
-64,10
67,10
57,-5
-90,-5
-57,-14
-82,1
-40,-20
69,-19
79,1
77,1
-78,-1
77,2
78,-3
76,13
-39,14
76,0
-80,-1
-80,15
-84,23
-82,10
15,-39
-75,8
61,-15
-80,13
-56,16
-63,2
78,-6
-56,8
-81,-1
-54,22
73,-4
15,-13
78,2
-66,17
-58,13
-70,12
83,11
-75,-7
-42,-20
75,-1
-76,1
-71,-3
-59,14
77,0
61,-1
-68,7
-76,10
84,-4
76,10
-52,-3
-70,18
81,0
82,-7
-80,-1
60,-6
-80,2
-34,-11
77,3
52,25
-75,2
-84,5
42,18
-81,-3
72,10
-84,5
-82,0
80,22
64,8
67,0
-79,2
68,-9
62,13
-86,-11
79,2
74,-1
-80,-13
-66,-19
-67,-10
-71,16
-75,14
-77,12
81,-3
-83,9
70,4
83,-7
-76,11
-71,-17
-91,5
-78,6
-81,-18
87,9
83,-3
-78,1
80,-5
-75,-16
45,-14
-54,1
79,4
-55,-2
-78,3
-78,8
73,-6
-39,15
58,-10
77,-7
-32,8
68,7
-68,0
-79,1
-72,14
-82,11
-36,-32
74,4
-75,4
-75,1
79,-6
83,-2
84,-2
-69,14
68,-13
87,6
-81,-4
-72,-5
-46,-1
74,0
-71,0
82,-14
70,12
-56,0
-68,-4
-55,15
83,-5
-69,0
62,15
83,-5
-76,-4
-73,-2
-45,0
-51,-13
83,-14
82,-5
-57,-4
81,4
65,4
77,1
-74,-5
83,-4
-73,3
79,-4
-77,12
-83,-7
80,-24
77,5
79,-8
52,-1
-99,-11
-69,-21
-81,2
72,-11
-86,-16
79,1
-33,2
87,5
-87,5
-85,-10
92,5
-79,1
84,-5
69,-2
-79,1
85,5
-78,5
87,-1
-79,-8
78,1
82,-8
-71,-6
-54,0
64,8
-43,-10
-60,3
77,4
-68,-10
72,-40
56,-23
-67,4
79,-4
86,-9
49,40
76,-19
86,-2
-61,0
83,-3
89,-16
-80,-21
68,1
-52,22
-52,-21
-64,14
77,2
73,-1
-83,-7
-84,-8
-67,-1
68,1
85,22
74,6
-84,7
83,-8
-75,-15
-60,-14
77,-11
76,1
-85,9
53,19
83,2
78,2
-72,-6
-78,-20
71,4
82,-3
-85,9
-53,-17
-82,-12
-34,32
77,15
76,12
68,25
79,-2
-47,-29
80,-25
75,-1
77,-1
78,-1
77,-25
52,30
45,-19
-85,8
80,-1
75,-14
-85,-7
-69,1
-80,-1
68,19
75,11
-77,-11
-79,-3
-59,2
-76,20
-33,-30
-82,-1
54,23
82,2
-63,-31
55,12
71,-2
62,12
-70,11
63,30
-60,16
-75,-13
-75,13
-83,-6
44,25
88,-6
-64,-20
-73,3
80,0
-75,0
67,-10
71,-7
-67,2
-79,1
-84,-6
-78,7
-65,-1
-90,8
-61,-13
83,9
-82,4
61,0
-81,6
-76,0
72,1
66,1
67,1
65,0
-73,15
-74,4
71,-13
78,2
-90,-8
65,-19
-69,-3
78,11
75,13
-72,-3
-46,-32
74,-17
-78,1
-33,-30
-76,-3
-82,7
-42,-25
55,-10
-69,-8
-80,5
-59,-1
-84,-5
-57,-3
68,18
-80,1
-35,13
33,13
86,9
78,-7
83,7
-77,6
-79,8
-38,-16
83,10
-83,1
40,-6
73,17
56,-24
55,19
-50,30
82,-12
-58,24
81,-15
81,-8
-73,0
-80,1
66,12
-72,-19
-71,-30
68,0
68,8
-81,8
86,5
-70,-6
-36,4
-56,-1
-67,1
-79,-8
88,7
-32,26
72,5
-68,-2
47,-14
54,-5
72,-1
60,-4
-76,1
88,-3
-69,40
43,-22
77,0
-80,0
81,-1
-65,0
-84,6
-64,-11
-68,4
-81,-2
-43,-13
18,-11
79,3
-9,-1
-37,23
36,32
-53,-2
-60,9
-81,2
77,-3
34,24
64,-18
75,8
79,4
81,1
70,-9
-66,0
85,3
81,2
-81,6
81,-4
76,36
37,1
-79,0
-72,-19
79,8
-58,-15
96,-9
-77,-14
72,1
56,13
74,0
54,3
85,-8
-71,-4
74,6
-81,-5
-79,12
-69,0
-71,15
56,-5
-87,6
-62,3
55,7
-81,-1
-50,-34
76,1
74,4
75,-3
78,4
-69,-21
-80,-3
80,-6
85,-9
-78,-3
-81,-2
-71,2
-66,5
-86,7
74,0
78,-5
-86,6
44,-8
54,0
87,-7
63,-4
-85,6
63,2
-79,5
80,2
-50,-22
-84,12
-37,-24
-68,1
74,0
77,1
77,-1
58,8
49,27
78,3
-69,16
76,0
-40,3
-85,3
-77,1
75,13
82,4
-83,-7
83,-8
53,-15
-75,9
80,12
78,1
-79,0
76,-7
-75,-1
-64,2
64,-3
65,16
-61,-11
-67,25
-13,-1
63,17
57,-8
63,-19
-59,-25
83,6
52,-18
-56,-11
76,12
-46,-4
53,28
65,-15
65,-4
-54,-34
92,-8
-61,-4
-67,-3
-73,0
-55,-9
85,7
79,2
72,-5
-75,11
64,-18
79,4
69,16
-60,2
88,-14
72,-6
-77,4
77,-1
73,3
77,0
-84,8
68,1
-54,-33
-73,15
-76,2
-72,-11
72,-15
81,6
59,-8
68,-18
72,21
-77,23
-53,23
-61,11
-65,17
-80,3
-75,20
81,-4
63,25
-64,-4
-76,21
-77,7
-72,-3
81,-5
-85,10
81,13
84,-6
-81,4
71,3
-81,6
82,-7
-78,-12
65,-12
75,0
81,-7
-83,-5
-67,14
84,-5
-86,4
-72,0
70,1
-80,11
-82,4
75,0
72,2
-73,16
-75,13
77,1
75,14
47,-2
-91,5
-87,5
85,-2
-83,9
-40,24
-63,-14
-75,24
-64,25
-87,9
-41,-29
-64,3
-65,31
-78,-3
-74,3
71,-3
-73,-8
69,0
-65,1
59,12
-73,14
-76,3
-86,6
-72,13
-74,-17
-68,19
80,7
82,-3
65,-3
-59,20
-75,6
-66,2
-69,5
72,5
63,4
73,0
78,4
62,16
-85,7
-71,11
82,-1
-83,-7
-79,-13
42,18
87,-33
-82,-2
-57,-17
58,16
-66,10
75,1
-88,10
63,-10
-81,1
-80,-1
-62,29
4,26
63,20
81,-8
68,-5
-68,1
36,4
-81,1
-82,-5
73,-2
-93,-7
82,-5
-88,13
62,21
-53,-17
-83,9
67,-11
82,4
70,8
82,3
74,0
-80,0
64,-18
18,-32
-86,-4
-86,-6
82,3
-81,7
66,3
-72,-5
77,3
-86,-4
86,-7
-83,-4
-8,12
-76,1
-80,4
71,-19
-58,-7
-63,2
83,10
73,2
-58,18
69,-9
-61,-12
-77,0
87,-5
-72,-1
63,-2
-60,-18
80,1
59,-5
41,-12
70,-8
38,-6
61,-5
-74,-4
-65,-12
-66,14
-65,13
-75,-8
-65,13
68,-16
-69,5
-51,-19
81,0
48,13
-81,-8
73,11
-73,8
-81,-8
-82,-4
-73,-2
-85,9
62,1
-74,-5
-48,14
54,5
56,-13
83,7
49,0
-52,19
85,-6
-58,-1
78,0
-76,-6
69,18
34,-29
-82,-7
80,-7
58,-23
-80,-2
-83,2
62,-14
-53,-3
-82,2
66,-17
-56,-2
-83,0
-79,-11
71,1
-81,9
76,9
70,-1
70,1
88,-3
-72,-8
88,-9
32,33
76,3
-83,-9
-69,-15
-76,7
-60,-36
-79,-13
-79,-18
-53,-24
-82,-7
25,-1
74,7
-88,6
76,-6
81,-5
-54,19
-67,2
-76,19
-76,16
29,35
73,7
73,7
-83,-7
79,-1
57,11
-66,21
-61,0
83,-3
83,6
72,-17
54,23
19,-4
82,1
-55,2
76,6
69,-3
65,11
-13,-2
-81,-12
-61,3
-50,21
72,6
-72,4
-74,-4
-36,-30
78,-1
-70,4
-84,12
-69,9
67,0
-66,10
-76,6
-70,26
64,-7
-55,8
-74,2
64,9
0,37
-78,0
77,2
66,2
79,1
-70,-13
80,4
-70,-21
-63,27
80,-11
-62,0
55,-36
-80,9
76,-21
78,-15
-55,3
-39,-1
59,26
82,-2
78,0
60,-3
76,3
73,4
78,3
61,4
-48,13
-73,1
-56,-6
65,-11
81,-6
-71,-14
-83,-2
-58,23
75,0
-70,3
-40,28
-78,1
66,4
45,-2
81,0
-81,-19
-83,6
-67,20
56,34
71,-5
-70,-1
-50,-25
-68,-22
67,-11
78,-8
-83,-10
-86,-8
-69,-7
-81,-5
-58,-29
-84,1
82,-6
-36,-5
-83,-6
-71,5
82,2
-32,-34
82,-4
65,-7
-32,-1
-64,25
73,3
-79,-4
76,1
-77,11
-74,-1
83,-8
-58,15
67,-7
-62,19
-82,-7
-75,-15
-72,9
-70,-21
70,22
57,-4
-86,5
88,12
81,-7
33,39
84,-6
82,5
-62,-14
-74,-6
-80,-2
79,2
80,-4
-71,-6
43,29
-39,-19
-90,33
70,-3
76,-17
-83,-7
-7,-35
-65,-21
-71,-16
-67,6
-43,4
-63,-15
-38,29
64,8
77,0
-64,-4
69,11
-86,7
70,-6
-73,3
-43,7
79,1
79,-9
-76,7
87,5
-70,1
72,2
74,5
73,-17
81,1
-79,9
-73,6
-73,-1
-73,2
-79,-1
-56,29
-80,1
-78,0
77,-20
69,13
-82,6
54,-6
-80,17
81,-7
-72,-18
-80,3
-85,-3
-58,8
83,0
-79,1
87,-20
-56,-17
85,-5
-85,17
-82,-2
-77,-4
74,10
84,-21
-77,-6
73,14
-74,-3
84,2
54,-26
-73,9
-67,25
80,1
-73,0
-73,13
-80,2
95,-6
-48,5
82,-4
-86,11
75,15
76,-6
-83,2
-78,3
64,12
-70,-13
-81,7
71,-15
-73,-4
-80,4
76,1
-72,5
76,10
-35,-31
79,-10
-50,-20
-66,-31
-76,6
61,5
45,-16
-38,19
-79,3
80,-16
-80,-4
39,-29
56,18
-68,-15
64,19
-81,1
-77,2
-73,3
-66,23
87,-4
37,21
-54,-12
-76,6
84,-3
-60,38
73,-1
-46,26
-86,-7
69,-12
73,3
47,-22
85,-22
83,2
-79,4
49,6
-75,2
-56,-20
70,-1
49,2
81,2
-49,21
-68,0
-68,-33
52,-4
76,8
83,0
82,3
89,-19
82,2
78,6
-43,7
-62,7
-74,-3
33,3
-89,11
79,-5
81,-4
-74,5
54,-26
82,7
78,-4
83,-2
-69,-8
85,5
75,-4
-81,5
-72,-4
-74,18
73,6
-79,-7
83,13
-79,9
-47,-28
-83,0
-68,-20
-65,-14
-79,6
-79,3
81,1
-79,4
80,0
72,10
-79,3
58,0
42,-24
65,24
52,17
-33,28
-71,3
-34,-10
-53,-19
68,-21
65,-1
83,-3
47,-10
-78,4
79,12
79,-5
83,-3
78,-7
-85,7
-48,-24
-82,3
-81,-3
-70,-6
79,5
79,0
-75,8
-78,-3
74,0
70,23
-73,4
-82,3
-54,-19
-56,-17
45,-27
-71,23
-81,-4
-71,-1
-62,1
84,8
77,7
35,-28
82,0
-72,-2
-70,6
61,15
-72,11
-79,-4
83,5
84,-5
79,-3
-62,2
77,26
78,-12
-70,40
79,-1
77,-9
77,-5
-50,-25
-70,-20
61,-7
-5,-37
78,-8
-61,6
76,-9
-41,-23
-76,0
56,5
-62,-15
-37,-5
83,1
57,-5
72,7
70,1
79,-16
-71,9
31,-39
-57,-19
-60,-32
48,19
-82,0
34,8
-9,35
-77,2
73,10
-78,0
-78,-2
85,8
49,-17
-77,2
-79,-2
74,3
72,20
-86,8
83,3
-76,14
76,-1
64,12
-65,21
65,0
-59,-21
-49,-23
86,-14
-81,0
42,12
-79,-4
62,15
79,-5
-69,3
-84,36
-80,0
-72,-3
61,-13
-77,-12
71,4
-31,-4
-66,-2
69,0
77,9
-47,-6
-87,7
69,13
-86,-7
58,-7
77,12
75,1
-75,-21
-71,-4
71,1
-60,13
75,4
-60,-5
85,3
49,-19
85,3
75,-21
-68,-1
-80,2
73,-2
72,2
-82,1
-52,-12
-77,12
72,2
80,-2
-82,6
-78,-2
67,5
61,-35
62,-21
-68,12
-85,7
68,-8
-86,4
-68,14
-78,-16
74,2
-80,-9
81,21
80,1
-60,-13
-76,1
-74,1
74,7
74,-11
-75,1
56,-11
76,-8
-83,5
-52,-19
-71,-2
-75,17
89,32
-33,34
-74,-3
52,30
-72,15
81,4
80,6
-79,-4
-40,-8
84,-13
50,-20
69,-17
-70,-6
-87,-1
-84,2
-54,4
65,1
48,-18
-78,2
-72,21
-79,8
65,2
-87,-7
-42,17
-75,0
-71,-9
-84,-2
54,16
74,-8
-81,9
59,10
84,-4
84,-5
66,-1
-74,16
-63,-8
80,1
45,-23
77,-1
51,-28
63,5
-69,4
-81,4
64,-27
-58,14
-76,2
-80,2
85,21
82,7
-82,-7
60,-29
84,7
62,25
-78,-12
82,-1
-78,1
-81,-2
65,-18
-71,5
84,-5
71,3
-40,-33
72,1
77,5
-72,20
45,20
60,6
-77,-8
75,-1
79,4
61,-15
-76,-9
-80,-11
-77,-5
77,-2
-78,-32
79,2
-34,-14
-11,-32
79,3
-55,-23
-48,-20
76,-10
81,-8
8,-1
80,10
-91,9
82,1
67,-5
-77,1
56,10
-77,0
55,-26
-82,2
73,4
-83,-10
67,6
-81,1
76,13
-63,-7
-76,11
88,6
-65,14
-69,12
-70,-1
-55,-23
-53,-10
76,-1
-80,2
-55,-13
-84,0
51,19
-87,13
80,1
-81,4
-86,-2
-79,1
73,5
79,13
-80,-1
38,-1
-83,5
-78,10
82,-3
74,-10
78,2
-72,-13
82,3
87,-5
-80,0
-64,-24
-74,1
-80,0
41,-1
60,4
-77,-7
84,-14
51,25
-67,-18
-78,3
-53,-5
56,-2
-87,-3
86,5
-68,23
-75,15
-55,-28
60,20
77,-1
-81,-22
-75,-1
80,-3
-82,4
81,-1
-64,14
-69,12
-69,-2
-74,9
-51,25
82,1
84,-1
71,13
-76,1
41,-1
-53,-19
77,2
62,-18
-84,-8
-69,-10
-71,-20
68,-36
-66,30
-80,5
81,-1
-55,10
49,16
-73,-13
-79,2
86,-2
82,-5
57,10
-85,2
-72,2
-80,-15
79,-1
-45,4
81,1
80,0
-83,-2
-67,3
-64,-10
88,-5
58,6
70,-9
-78,3
-79,7
70,-5
-83,-5
-79,1
66,-22
-81,7
-66,-9
45,-8
84,-9
-59,12
58,11
75,1
-42,25
81,8
86,17
77,17
-64,21
85,-14
72,1
-2,35
75,4
-81,-9
-67,-6
-61,4
74,-1
78,13
67,1
72,11
-78,-12
76,-17
-71,-16
-81,13
69,-4
-63,13
77,-7
81,6
-84,-3
-51,-22
-78,2
87,8
81,3
-51,-24
78,20
-84,-6
-80,6
67,4
-76,-3
64,4
-80,2
-80,5
65,-19
67,-10
70,2
81,10
-80,-1
83,-3
-68,23
76,-19
79,-1
66,-16
77,6
55,39
58,18
-74,26
85,-6
-41,11
65,21
82,-5
-80,5
-85,23
81,-2
71,1
82,-3
79,-10
-86,11
83,-6
81,-3
80,3
59,-21
47,5
80,5
64,10
40,23
-78,9
82,-6
-7,-17
73,-3
78,1
-73,-5
80,3
-33,-7
35,2
81,0
86,36
-56,-25
-58,-12
-72,3
-57,16
68,2
-60,-36
63,3
73,5
-64,27
-83,2
-78,5
-82,-5
58,13
80,-3
33,-31
-74,2
-64,15
-82,-4
-56,-22
-82,1
-78,11
-63,11
71,-12
81,5
80,7
32,-1
-37,-9
-49,-12
72,-1
57,25
83,6
-77,3
72,1
69,-9
-77,-2
84,-4
-87,-5
-77,8
-78,-6
-82,4
-81,-2
-69,0
66,6
-31,-34
71,-16
-83,-2
-82,-2
-39,10
81,1
69,1
66,27
-63,-23
83,1
67,8
61,-14
77,3
-80,1
79,1
80,4
83,-6
82,-11
81,6
-34,7
-83,-4
-75,4
43,-21
88,-3
-87,5
-72,-1
-71,1
-73,0
-65,-19
73,1
69,-3
83,-17
72,-2
75,0
80,-6
-48,40
82,-1
-76,5
70,3
-68,2
-68,-12
-35,23
84,-9
-44,0
81,4
66,8
-50,10
-73,7
75,-9
80,-2
-66,-6
-74,2
81,-2
83,12
-44,-21
60,-11
-81,4
83,-5
78,-2
-42,29
-78,-2
61,2
-82,0
52,22
72,12
76,-2
-48,-20
52,-29
72,-24
69,4
81,0
72,-11
-69,-20
82,-3
78,-17
-75,-4
56,24
60,10
39,-22
83,4
-80,5
74,0
-67,-1
78,4
-78,9
85,-6
85,-5
84,-8
82,5
78,2
77,-17
81,-3
-83,3
-82,14
73,-18
-70,2
62,-22
-75,4
-85,-10
83,1
-32,-18
-91,5
-65,-8
67,2
-76,-5
-68,13
81,-3
-76,-1
77,-1
69,-12
-81,13
-76,0
-79,-1
64,-16
32,-1
62,-26
63,2
-79,3
47,18
66,10
2,4
84,-1
34,20
78,10
-70,11
79,11
-80,4
-51,20
32,17
71,3
-72,-5
-69,-20
77,6
77,11
-75,-9
73,4
64,9
-78,-10
82,-7
-82,2
40,-7
14,42
86,-6
-76,-2
-83,-5
70,-14
-76,12
78,0
-30,-22
-22,-35
-65,-17
52,-13
-47,-20
-79,5
-48,19
87,-7
79,0
69,4
78,-18
-55,-1
-80,6
-80,7
-84,2
66,-2
82,12
-84,1
81,-3
-84,0
-52,-5
81,1
74,2
53,23
42,-2
-76,9
82,3
69,-1
-81,-6
39,-4
-57,-14
82,-10
62,-13
81,-3
-56,6
-29,-25
-81,-7
50,-16
32,-2
-80,3
72,-34
-83,-8
-83,-5
83,0
-67,-1
-67,0
-78,19
79,3
-76,-4
69,-2
52,-23
87,3
-86,-6
-82,-16
94,12
-85,-4
-77,3
-82,1
-73,2
84,6
80,-14
70,-4
-77,-5
-77,-1
-37,17
-75,4
78,8
-81,-3
-78,5
94,19
77,3
-65,2
-77,-14
73,-5
57,-2
-67,-14
-77,12
74,-2
-78,2
61,-17
-77,-18
-69,-10
75,1
-55,33
60,-8
74,4
-69,-25
-66,-21
-76,-6
81,4
-74,-3
-80,-7
-69,-23
77,8
85,-2
-5,-23
80,-1
-82,17
-84,-3
79,5
76,10
76,-6
88,-7
-61,13
67,2
83,1
-81,-1
44,31
85,6
31,6
64,-32
-83,-20
80,-5
84,-5
-86,-2
-74,-1
54,-2
75,3
85,-4
-43,-27
-90,7
-81,3
-83,7
-83,5
-63,17
-82,4
82,4
83,4
-54,1
-82,4
-1,38
-78,3
-56,-10
75,1
66,9
-58,-8
-82,4
77,5
-81,4
-67,8
-80,-2
68,-23
84,8
86,-6
62,-17
72,13
-75,-6
-61,17
53,11
-81,25
84,0
80,-14
-44,-36
80,-9
82,2
81,9
-54,-11
-68,23
-80,0
-48,-4
77,1
83,13
78,4
-79,9
84,-16
-78,12
78,3
-87,7
79,1
-71,2
-71,-21
-76,4
75,0
81,-6
-81,2
-54,-4
72,1
51,-1
-81,5
-36,-3
-74,-12
58,9
78,0
-77,-2
-80,5
-89,7
68,-16
-70,2
-58,2
64,-21
98,-6
57,1
-81,4
-78,3
-80,5
-57,-15
-77,-12
74,0
-79,1
-75,2
-83,7
64,22
70,-4
72,-1
69,-19
-66,21
-66,2
79,5
77,-4
-65,10
-69,13
-54,6
-53,-18
-66,0
84,-6
79,1
79,2
76,1
-65,-1
-79,6
85,-7
79,-7
-80,0
82,16
67,-16
67,13
65,5
73,-15
-78,-4
58,-6
-46,17
-58,-10
-86,17
14,-21
-38,-11
-65,-28
-70,-17
-82,1
-80,3
-58,-8
50,-15
75,33
-66,10
53,3
-83,7
74,-15
-73,0
-64,1
-71,-2
-66,18
85,-9
43,-17
75,-1
-76,-12
-82,1
-72,-15
-62,-20
77,-6
32,-3
-78,-3
-75,-19
77,4
-49,6
-77,-14
45,4
-79,4
77,4
77,4
-77,-2
66,15
60,-1
78,-2
80,2
76,0
33,22
-34,19
-75,1
-78,-1
-71,18
-76,1
52,-6
-80,4
-53,16
77,3
-47,12
-81,7
-79,0
-42,-36
7,-25
-73,10
-78,4
-62,-6
-70,3
79,1
80,-3
-65,-13
-80,1
79,5
15,-30
-87,6
-87,6
72,-4
94,-7
-84,-4
86,-7
83,0
-73,-7
-56,-6
64,0
-81,-13
-67,0
84,-16
76,6
71,7
60,19
-86,5
58,-3
-82,-5
83,8
79,-27
-62,-20
66,-25
-81,-8
40,25
-33,-21
-40,-24
-83,-5
54,-21
65,0
68,1
78,-8
-75,-1
-82,1
50,-13
79,5
-68,-6
-79,0
81,-6
-74,-10
-47,14
-89,5
-60,2
57,-34
-78,-2
72,-3
-77,-29
-82,2
-3,38
-34,0
78,9
-77,2
86,10
66,-11
79,-4
-82,6
77,13
-69,16
-78,1
64,9
-76,12
73,-13
75,7
47,19
86,-5
61,10
-77,-8
-66,16
-75,5
-57,-2
-97,21
-80,-31
81,0
83,2
83,-2
66,10
74,-4
59,-23
-64,-19
-77,-3
88,6
44,-21
72,3
86,-13
-75,-4
-75,0
79,-2
76,-1
-47,11
37,-34
-38,32
61,14
-62,2
62,9
81,-11
34,1
-83,5
60,-12
82,-14
-83,0
55,3
-37,-25
64,3
-62,12
61,2
66,3
-79,1
-74,3
-69,18
-73,17
-73,8
71,-11
74,1
81,2
86,-6
-74,11
-39,4
-80,-8
85,4
79,1
-80,4
-65,14
-14,-36
-65,19
65,-1
82,0
-85,11
80,1
-66,-16
68,8
3,7
81,3
-78,0
-83,-6
81,-3
-86,-4
-80,-1
-81,0
81,8
-67,-21
-85,8
-59,23
-77,-11
13,8
-96,4
-66,-23
-76,4
82,4
82,12
86,14
70,-15
61,-18
-71,-7
88,-4
-79,0
65,-12
85,-3
-65,21
-60,-15
-71,17
-58,4
-67,20
41,0
56,7
-77,18
-65,16
-54,19
-4,24
-63,-2
72,-2
-86,21
73,11
38,-23
71,2
49,13
-69,-2
-74,-2
80,-6
-67,-2
39,-3
77,5
-75,1
65,3
-84,0
74,10
-43,16
-84,0
-66,26
30,1
80,6
62,13
74,-2
-84,-1
43,-21
65,-1
79,0
-71,-1
-84,4
-86,-7
-77,7
-72,1
51,18
-82,-8
-68,14
-78,8
-64,21
81,-5
78,-1
-46,4
52,-20
57,21
-83,2
76,7
75,-19
64,-2
-80,10
-87,-4
-94,-29
-48,-5
-51,-6
83,4
-48,-14
74,0
62,20
80,-5
-59,-20
62,-2
75,-6
39,21
66,0
-86,-12
-78,-2
62,14
-80,-1
-74,16
-80,-4
-77,6
79,0
-79,4
-78,8
-35,-4
-72,-18
77,12
79,-6
-82,-14
74,-1
-40,23
84,-8
71,22
77,3
77,19
79,0
-66,-23
76,12
77,-15
79,1
-49,25
-80,4
-83,0
84,5
-79,-1
-36,-30
-68,14
79,5
73,0
80,0
-82,2
-82,6
-71,-16
68,18
60,-27
68,7
55,19
-35,16
-85,3
-78,-3
85,-2
-62,10
-60,-28
-53,-35
69,2
-81,-8
-31,-33
30,-37
-82,-5
79,14
-80,-6
-57,16
79,19
79,4
-76,-2
-66,-5
73,10
-62,-5
57,32
-76,3
79,-1
-80,-9
56,-14
80,1
-53,1
72,7
57,14
78,2
-74,-1
68,-8
-63,4
-86,-5
-74,31
65,0
73,-6
80,0
-71,-6
-80,-11
-75,-2
82,1
-79,-3
80,-35
-87,-4
-44,-28
-74,11
83,-4
-79,2
80,5
-79,0
32,0
66,-5
-48,-23
-64,37
78,-2
-82,1
82,10
-84,-4
53,-11
-83,10
58,1
65,-10
-62,-26
-49,-4
-95,11
52,18
81,7
79,1
-62,-22
74,1
-83,-4
-67,-14
81,4
-36,25
-76,6
83,-3
97,21
68,19
79,-16
69,3
-85,-19
-62,-22
-64,-5
-82,0
83,-10
-76,7
-50,-24
67,-4
87,7
-57,29
-60,15
83,-15
35,37
-78,16
-80,-8
84,-2
-83,5
79,-2
-84,-15
75,-12
49,-22
-80,0
57,-26
-70,7
75,7
-76,-7
74,-3
-82,5
-67,16
-75,1
86,-3
-10,-12
77,9
79,-8
-65,19
-74,1
-77,-1
-60,0
-68,17
70,12
75,-4
-61,9
-64,-2
-81,2
-61,-14
62,15
-77,-20
-76,-8
-80,4
-75,-2
76,-1
77,-6
-6,-38
83,-3
76,-2
57,-6
81,3
-77,-1
63,-1
-76,0
78,-2
-75,-5
78,4
80,-1
40,2
50,6
73,-2
-80,-2
-71,15
53,15
76,3
42,-25
73,8
-87,-8
-85,-8
-67,-1
61,-1
-65,-10
-58,-5
-82,1
-59,-3
68,-14
72,-5
79,5
62,-25
86,10
-52,19
82,-17
33,32
-82,18
-82,8
68,20
80,-2
-80,0
-65,-7
52,-18
-82,4
84,-7
-89,5
85,-6
-35,13
-85,-6
-63,-17
-78,3
72,2
64,-1
-74,8
70,9
-42,12
-85,-5
-39,-2
-68,4
63,2
-70,7
68,5
79,1
85,-4
-74,-3
-65,-17
-83,7
54,-24
66,2
52,1
83,0
69,0
76,9
-63,1
-65,-4
80,-6
-72,3
59,-1
-77,4
-78,-3
-77,-10
56,-24
-66,-4
-76,-11
-80,5
80,0
69,0
-82,8
77,11
85,7
75,4
-78,10
71,12
-77,8
-80,11
-83,-8
86,5
-71,-29
78,5
-81,2
-82,0
81,1
78,-4
69,2
35,3
-65,-23
-86,8
85,-3
-83,-9
-84,1
74,-2
-82,1
-82,-2
56,-21
87,-4
-80,-2
-80,0
-37,-24
72,5
-77,3
80,1
65,28
-40,-8
78,2
-69,1
-66,-2
-52,13
-69,21
-88,26
81,4
-75,4
-64,0
64,7
73,8
58,-15
-57,3
59,1
-80,19
-50,-4
-81,-4
83,9
-45,10
-66,6
-38,19
-82,-1
-78,2
-78,1
82,12
68,-4
-69,5
80,2
-48,39
58,3
-70,21
-73,3
-71,24
-72,20
-63,-15
-66,-15
77,3
-80,1
-74,-5
-56,12
75,10
68,2
-80,3
-58,-5
65,11
77,-2
-78,-5
54,1
77,-8
65,3
-63,19
77,-1
81,1
69,-2
36,-3
79,4
-62,1
78,-13
68,1
-80,1
86,-6
49,27
-78,12
68,-9
-70,17
70,13
-56,-24
82,0
81,4
-82,7
-82,-5
38,-6
-82,-5
82,1
-63,-15
-58,22
-72,-6
-75,1
-64,11
-59,-19
-88,-5
80,-14
-72,-12
-81,-3
82,-4
-85,5
77,7
81,5
62,2
-73,2
-76,5
-34,-7
77,14
83,7
85,-3
82,7
62,8
-23,-18
81,-8
-30,39
-76,1
-79,8
-80,1
86,20
77,1
30,-10
81,4
45,0
81,-10
-64,1
-35,3
-81,1
71,-5
-77,0
-84,2
37,0
82,7
59,1
73,-12
73,-16
77,3
87,23
-83,-2
-71,2
82,-6
82,4
-79,7
-74,-9
55,18
-51,9
-57,0
80,-7
91,20
50,16
-38,-32
69,0
35,28
76,0
85,-15
-79,-1
-69,-22
-77,-4
37,-37
36,-27
-81,3
81,4
36,22
40,-23
61,-24
77,-1
62,-18
-67,0
62,-1
59,18
78,-5
72,9
-77,17
79,-6
-83,-10
83,-6
-85,0
80,3
-71,9
78,1
72,3
-78,-7
80,8
64,1
49,-18
-83,3
-79,1
61,-7
-64,-5
-78,-7
76,0
-65,3
-88,-2
78,-13
-79,5
65,0
59,1
55,3
82,-2
-80,18
38,14
-69,4
70,-13
-66,27
61,-4
-68,19
-77,-5
88,-8
75,-3
-63,4
-73,-1
-47,27
-81,1
64,-4
87,-4
-83,-38
37,15
63,0
-68,2
52,22
54,11
80,-5
65,37
67,-14
-38,2
-85,5
68,24
-68,-1
-79,11
76,1
78,-11
73,5
-77,-11
31,31
42,16
63,-4
58,12
-66,14
78,5
-70,-8
-83,-7
19,-32
81,4
79,5
84,-5
-75,1
-50,-2
-68,8
82,-8
-75,-8
-82,1
-81,19
-54,25
74,4
37,-26
-75,-2
74,7
84,4
-69,-21
-75,-1
-77,-7
-65,20
-66,36
-57,-21
85,-14
85,0
80,-16
70,12
72,-5
-80,1
-57,27
-81,-4
-37,-28
-85,33
69,-9
-77,-6
-78,7
81,0
75,1
-72,2
68,0
-47,11
83,-11
-64,18
36,-23
-80,0
-79,7
63,6
-65,-5
-79,-5
54,5
-79,-6
81,2
75,5
67,5
77,1
54,-1
66,-18
84,-6
29,-2
69,6
80,-6
66,-21
87,-22
-84,0
-48,-18
62,10
-63,-22
85,9
-69,-1
77,26
72,-15
-87,-5
-34,-23
38,6
-52,32
-86,0
-56,-29
74,6
-77,0
-79,2
52,7
82,1
-51,-3
-45,-4
69,0
77,11
-75,14
80,-2
79,1
77,1
79,3
-73,-2
64,-23
70,-1
-61,6
-55,24
-80,21
34,3
61,3
-83,18
66,-22
-61,-7
32,-24
68,2
-66,7
-83,14
-80,4
82,-3
-79,-1
55,8
-78,-3
58,13
-82,12
-88,-4
-79,-1
86,-10
87,-8
-76,14
-50,-3
74,-2
-77,10
75,1
59,-17
-31,5
63,23
69,-5
80,28
-67,4
-49,15
75,1
-74,14
55,2
-75,12
77,19
-79,-6
-72,-23
59,-18
-62,-5
73,2
50,8
63,19
76,5
81,0
82,9
-77,0
-63,4
44,-28
79,-1
72,-16
-80,-5
-63,-27
-54,-28
-80,-5
73,-3
81,4
-79,1
-69,1
77,-2
83,5
83,-13
-82,-6
-69,23
77,1
60,-10
-69,4
-47,26
-67,-9
-80,0
-6,-34
60,-10
38,-21
-73,-1
59,21
-52,-30
67,-2
-21,42
49,34
37,1
63,-3
-69,7
-61,7
69,5
-89,15
-20,-20
-85,-6
81,-8
-51,-16
78,9
82,7
65,5
74,-1
82,-4
-74,-6
71,-6
-52,23
-64,7
84,-8
59,6
-67,1
-68,13
76,17
-81,-1
76,7
-75,-5
-54,14
-77,0
73,13
73,8
-79,-4
-71,-6
-56,-27
85,6
-67,-7
42,-22
-85,10
39,-39
-83,12
75,20
-80,-10
75,-1
76,-2
61,-21
80,3
67,10
80,-13
-66,-1
-59,3
76,-5
-77,6
70,-2
-49,-18
-80,6
-80,-3
-82,-4
-82,8
-78,4
79,3
77,-2
31,19
-50,-14
-69,-11
72,20
-69,-16
74,-1
71,1
68,-9
79,1
-73,15
-32,-29
-73,9
42,34
77,0
-41,32
58,26
-81,-3
-42,1
-80,-8
77,4
-76,2
69,22
-67,-4
-68,6
-45,3
68,13
-68,-12
-67,18
-56,5
-32,-4
80,-10
69,17
65,11
-76,-6
78,0
-64,-16
-59,-16
-65,21
80,-2
68,10
-81,0
42,-24
-71,-5
-71,-9
77,-8
-39,24
63,-1
84,5
78,-2
-86,7
-77,2
34,5
-86,8
74,-14
26,-33
67,-22
68,-6
59,36
61,-26
-74,10
-81,0
-76,-26
82,-24
81,1
-85,5
-82,-8
59,17
35,-7
-81,16
72,-4
73,-14
82,0
-86,-2
83,5
-60,-4
65,-7
-85,3
-74,1
-65,-12
-74,1
-66,21
60,3
-91,-9
-62,25
60,-6
-40,6
76,-3
-81,0
81,2
81,29
-83,4
-78,-5
-71,1
-66,-26
72,1
85,-10
-74,5
55,3
62,6
81,4
-84,-11
72,-2
-69,-15
-65,-19
81,-4
64,-2
53,-14
73,3
65,42
-69,8
74,-5
79,5
-67,19
-61,28
-71,6
67,0
-77,5
73,1
69,0
-74,-6
68,12
59,1
-38,-23
84,-5
-79,7
-88,15
-56,18
-80,5
69,-1
77,2
-39,-20
-78,-5
35,8
-84,-8
77,0
78,3
-71,-1
55,7
-68,-3
63,0
77,0
22,-35
84,-8
65,13
-63,18
-75,11
-76,-13
-73,-2
77,0
-75,2
74,-13
-75,5
72,-13
-69,18
77,-1
-58,8
-85,5
78,1
-54,-12
36,-20
47,-7
-68,-14
74,-16
84,-15
59,2
-38,-1
75,5
41,-23
86,-3
78,-8
85,5
70,-9
-74,1
-42,10
-96,11
-63,-6
-71,-12
61,6
33,30
47,24
59,18
86,0
83,6
84,11
68,23
-59,21
78,5
-59,-27
-78,0
-54,-22
80,1
73,1
-85,5
81,3
-84,9
-79,-1
-77,-1
-70,-2
74,-12
88,-5
-70,-21
-82,-10
16,4
57,-10
57,-28
-80,3
-61,1
58,30
-73,3
83,-7
-59,-21
-81,12
79,5
-54,1
-80,-5
-77,1
-47,26
71,1
69,16
49,-5
80,8
-35,-33
74,-3
70,0
-75,1
79,6
-79,-10
-81,3
83,5
-65,22
18,38
-87,8
-25,-40
-51,-26
74,-3
58,27
-59,-23
83,2
-76,6
-75,-8
80,0
-77,-7
79,4
81,0
83,-3
-36,-22
-66,-14
67,7
78,0
-63,19
-72,16
85,-5
-63,7
59,24
-80,-2
62,11
-69,-1
85,-6
-81,-4
81,-8
-76,3
80,4
-85,5
-52,15
-70,-38
68,5
87,5
85,5
58,-29
75,0
83,2
-85,9
80,1
83,-7
-84,-21
77,0
-74,6
-77,-7
73,3
-61,-2
-74,5
-78,-1
-61,-13
34,17
77,0
-81,-5
56,-17
84,-6
-81,7
-47,-3
84,-1
-74,26
78,-7
-34,-25
-80,5
46,34
-78,-8
-86,-6
86,-5
-75,-2
75,2
83,-32
-80,-5
-74,-2
-36,5
84,-1
80,-2
85,-3
-77,19
-82,0
34,4
-75,-6
-69,-12
79,7
82,-2
-77,1
-70,-10
-73,1
-53,-22
71,30
-38,-1
-63,-4
-83,-5
87,3
79,0
-58,-7
-61,1
-65,22
83,8
-35,5
-67,1
-75,12
-72,1
86,6
-78,2
86,-8
-73,13
76,-6
81,-4
35,-5
-30,30
-74,7
-48,-8
56,21
76,1
-74,0
41,-12
78,-3
-66,-1
63,2
82,3
77,1
80,-4
-39,-26
70,12
-82,0
-74,26
64,0
75,-2
-81,1
81,3
80,2
-63,-3
-67,-22
79,6
-79,1
75,-7
80,5
69,-11
-75,1
56,1
56,-22
60,18
74,5
88,-4
81,0
-71,-1
57,-12
-65,20
-70,2
71,-17
-79,4
-76,-34
-73,-6
-75,25
82,-10
-64,1
58,6
-87,4
-81,0
86,-4
-83,5
84,10
61,-20
-75,-10
77,-2
79,-4
-81,6
78,2
-85,9
-1,34
52,-23
73,1
71,3
68,5
-57,1
67,10
76,9
83,-2
73,-8
-85,-9
79,0
80,-7
71,-9
-58,-20
55,34
72,-10
54,-11
67,15
-72,2
-81,2
71,4
-76,1
53,-15
-43,24
-59,-5
66,-9
41,5
-75,2
77,7
81,1
-70,-9
81,1
-82,7
-65,-2
80,9
-86,-3
-83,-3
61,0
-52,-21
-59,-16
70,1
-78,-5
79,0
-69,4
-78,6
54,-10
68,0
49,-18
-76,1
58,0
-66,6
85,7
-67,-5
84,-18
-78,9
77,-2
-78,11
-84,0
71,0
74,12
-81,1
81,11
-73,18
-76,16
64,-1
32,33
50,-20
82,-7
76,8
-49,20
87,-31
80,0
-82,0
-38,-20
34,11
81,-1
69,1
-70,1
85,-6
-72,0
58,-12
73,-14
-82,-2
-80,1
82,-5
-72,0
67,-6
82,2
82,-2
-82,-4
-57,-4
82,-5
82,7
73,11
-77,5
60,9
81,1
-83,-5
-83,6
-78,1
-76,-21
-78,1
-74,11
-19,-15
-72,6
63,-18
-75,6
83,7
59,-31
74,-17
75,-11
-41,-20
80,-3
84,-8
80,-4
-69,-18
-53,4
68,17
84,4
-78,0
-46,-26
32,30
81,37
-81,-2
-87,-6
80,6
-70,1
80,1
-64,-9
83,11
76,-14
77,-13
73,-16
-85,4
-68,-8
76,1
-82,-13
-80,-1
-80,4
-81,-1
-70,8
-72,0
-81,-12
38,6
79,2
-78,0
70,3
-74,-2
80,3
78,4
78,1
82,-4
76,-4
-79,0
71,-1
79,0
81,5
-78,6
42,2
-57,-10
-81,2
-83,-2
-59,-13
-81,-16
-87,-9
78,1
-53,34
-56,-11
85,-21
80,4
66,-3
-82,-6
-83,-4
80,8
-83,0
85,6
-32,-37
-79,-9
-73,11
-62,-1
-79,11
85,-19
-76,-2
54,10
76,6
-65,17
-80,-1
-82,5
81,5
-76,-1
78,0
-74,-1
-79,-14
55,16
69,0
-86,-5
-50,-25
-83,-5
-83,4
-86,-6
82,-3
-35,-33
84,-8
64,2
87,4
-82,-21
-74,13
77,-12
-34,-37
81,-10
9,33
78,5
-86,8
-81,0
62,-7
78,4
-83,4
-67,2
63,-7
78,0
-81,-11
34,-22
49,-18
55,10
78,-1
80,-1
56,0
-48,-18
84,8
-70,1
-78,2
83,1
79,1
73,22
-83,-2
-82,-6
76,-6
-84,-7
-86,6
-85,5
-68,8
-73,-16
77,12
-83,0
-81,1
-70,-18
-75,3
87,8
-80,2
-75,8
32,-18
-89,2
74,-9
78,4
-76,-1
56,-25
76,-10
62,17
77,3
-80,-3
78,-1
-84,8
-81,8
-82,-5
10,-16
-36,20
80,6
85,-6
72,-9
86,-3
-75,10
-73,5
-71,-2
-73,1
76,-20
-84,5
63,7
78,-18
78,1
-32,-23
-76,6
74,8
-84,9
55,22
81,8
83,-7
63,-3
79,-20
-70,0
80,6
83,-11
78,1
-69,2
62,0
-72,17
-79,4
80,-1
60,27
-78,2
-37,-14
71,-17
58,-34
73,19
-49,8
-60,-2
81,0
77,0
68,8
77,-10
70,-15
79,-1
74,-2
-53,23
55,30
82,-8
79,0
-82,3
26,-40
85,-5
66,-20
39,-31
75,4
-78,8
-77,-6
-51,18
76,11
83,-8
-78,-9
71,0
-82,35
-80,4
69,7
-83,-2
83,-8
82,-7
-71,0
68,9
-68,0
80,-1
-40,-15
85,-6
-77,-3
-68,6
60,18
-82,5
-76,-22
38,-27
76,0
61,-12
-34,-6
-32,31
-33,29
-49,-5
-83,3
3,-35
58,23
79,11
83,5
-72,8
-34,34
80,4
-78,0
-33,-35
-76,16
80,4
-74,2
-43,-29
56,27
-72,21
-76,1
72,4
-79,6
-57,-11
-63,23
-81,4
-67,-7
73,13
78,5
73,3
79,8
-52,-21
63,-13
72,2
-81,-9
-85,7
-79,7
-88,17
77,7
-78,-2
-65,12
-79,-1
-83,7
-82,-2
67,-11
-51,2
-68,-2
72,11
-48,-5
88,-5
66,-19
81,-1
79,0
-71,-9
-77,3
81,-6
-65,-12
59,-15
81,-8
52,18
37,14
84,-2
-81,0
68,-4
53,15
-82,-6
52,3
-81,6
53,4
80,-2
-78,5
80,-3
54,9
-56,1
-58,24
-77,-6
83,1
69,8
75,-9
-84,2
81,7
64,-2
-74,12
80,0
84,-2
-67,1
-33,-22
59,-24
54,1
81,3
45,2
70,1
-73,-3
42,-4
75,-2
-34,34
-86,-10
-42,22
82,5
-73,17
-62,-1
80,-5
-55,-13
73,0
-73,10
79,-11
61,16
62,-17
57,-18
-40,32
-33,23
69,0
-85,7
-63,-21
75,-2
-68,21
-64,25
-77,-11
-73,9
76,-4
82,-13
-65,-27
68,2
-76,4
-72,-18
-81,-6
-85,5
72,-8
76,-12
-74,-3
70,-10
-67,17
68,-10
94,9
-62,1
-40,5
37,-22
68,-2
80,-1
-81,4
-35,-33
70,-11
63,29
-71,14
-54,-28
-58,14
54,25
83,-6
-78,-3
-78,-2
56,-2
-66,-4
57,23
-77,-1
73,-11
-86,-5
-64,-25
73,8
-56,-31
76,-9
77,2
74,-3
-78,1
-83,8
86,21
84,5
-79,0
-73,0
82,-3
66,2
76,2
-82,-2
83,-6
85,5
86,6
69,0
-78,-35
80,2
68,0
-85,-1
-31,20
-71,-19
79,-9
-69,6
-65,-6
74,-2
-55,-18
77,3
-72,-1
64,-3
79,0
-70,19
-64,-12
72,4
68,26
77,-2
54,-16
62,19
62,5
-44,2
67,-3
-74,-8
73,2
61,-1
67,17
-73,14
-78,-6
73,1
77,7
-80,4
-37,34
73,8
-71,1
79,-6
-77,10
72,-2
-88,-10
35,-32
82,3
-70,-6
61,27
57,-11
87,9
-80,-5
-82,1
49,0
-84,11
-71,0
-55,23
87,-4
75,1
-78,-4
-81,10
79,0
-86,8
-57,-27
80,8
-77,8
-71,-14
45,10
-81,0
-66,-27
52,2
67,19
38,-31
54,41
83,1
-83,-2
64,26
-59,22
84,-6
-53,19
-79,-5
68,0
-80,6
-68,-25
45,28
69,-3
-87,-6
-56,-20
-85,7
-73,2
65,-6
77,-14
-50,-22
83,4
-79,13
-79,4
-64,-39
-81,5
80,-8
70,-6
-78,-2
78,-2
-81,5
-69,4
-58,23
-65,9
64,0
73,7
65,-19
39,-16
69,10
72,2
-67,-12
-66,5
19,-12
82,-3
-72,15
-75,-5
82,6
-80,-2
32,-19
42,11
61,6
63,15
-62,3
-74,-5
-84,-5
82,-1
-84,-11
82,-5
87,33
70,5
75,-1
-78,21
67,14
65,-1
77,-4
-69,10
78,4
72,-8
33,-1
-72,-10
-70,-25
65,17
-68,-18
-34,1
-82,1
-73,0
-41,27
-78,3
-61,-10
-63,-19
-82,-4
81,9
-80,0
57,-1
85,3
-83,-3
37,-23
64,-2
84,3
-73,-3
-79,0
84,4
87,6
-59,-22
63,-8
-82,4
36,-10
-84,6
87,-9
59,3
87,-6
-83,-6
82,-6
-78,1
-82,20
76,-21
65,-1
73,-21
79,0
86,9
-79,20
84,-2
82,3
79,-1
-77,-10
80,-3
-86,6
-82,4
-70,11
80,1
-72,-7
64,-24
-90,1
-84,28
86,-5
-33,21
-72,1
64,15
82,7
-63,-6
72,1
-80,-9
76,-20
-72,7
-74,0
-84,-5
-54,-14
-37,-31
69,-15
-35,-27
76,-1
-57,4
77,-4
-76,1
39,-32
80,5
84,-8
-70,22
-80,4
74,11
-61,-23
-59,2
-79,1
73,21
-71,14
-79,10
-85,-6
-81,6
57,14
81,3
66,8
-81,5
-42,7
-52,-20
-50,-26
-77,-3
71,3
-83,4
76,5
64,-28
46,24
44,-21
-80,2
54,-1
58,-19
-63,8
64,-24
83,-8
-75,2
-52,12
55,-27
83,-14
85,-5
-72,3
-69,1
35,22
64,-17
89,-3
-77,1
79,1
33,23
61,22
-89,5
69,-2
76,-1
72,21
82,6
-83,21
-77,-9
-64,0
-62,11
-70,-10
67,7
-27,-35
-66,-16
-76,2
72,11
-76,-12
51,2
62,1
79,2
79,5
-72,19
-85,-9
-4,34
-66,-1
-46,-29
64,12
-65,-33
-65,-1
68,3
-79,0
-77,1
59,-4
-65,0
41,-4
52,20
-50,-4
76,-1
80,1
76,3
74,-10
77,2
-38,27
70,2
-66,15
-80,4
80,4
65,23
-82,-6
-81,-7
83,-16
-66,9
-80,-3
-34,-36
84,0
-79,-7
-85,7
78,5
-54,12
-83,2
-78,-10
-66,1
77,-14
-36,14
81,-1
-81,-2
-66,10
-80,2
51,0
72,-2
-64,24
88,4
68,-7
-80,-2
-79,3
-71,-8
76,5
63,20
-55,22
-78,-4
81,6
-74,1
65,-15
72,-9
-68,-4
61,-1
74,-8
82,-7
55,26
75,14
-78,-6
44,-16
69,-9
70,16
33,6
78,5
-70,16
-85,-2
81,-3
81,0
86,-5
-84,-7
69,0
69,-1
-46,12
-80,-10
67,0
66,-24
65,4
-65,-14
-70,2
-74,-2
-77,1
80,2
-68,-8
-77,19
86,-3
68,14
-85,-1
-81,3
56,32
57,-14
-57,26
-41,-1
-45,3
81,-6
70,33
75,-8
-77,9
70,0
-69,-17
67,2
-72,14
79,3
77,3
-53,-8
81,3
-61,5
90,15
84,33
-70,-5
83,-6
59,38
-55,1
81,3
-58,-11
71,-25
64,-6
-83,-2
-65,-8
79,4
-79,7
71,-12
79,13
-84,-2
-86,10
63,4
-72,2
69,1
79,5
68,-26
74,2
-78,-14
-80,17
-71,-20
72,10
84,-8
59,-11
34,28
80,-4
81,1
40,25
83,7
82,5
48,-1
56,-28
-58,-24
91,-13
61,0
68,14
-66,19
-73,4
-63,12
71,35
-52,-14
82,-3
74,5
72,-4
80,4
81,-11
-77,20
-63,21
-85,-5
80,-1
76,-2
53,28
-57,-31
-77,1
79,1
84,0
-76,0
58,-3
-32,-1
83,6
-71,-2
80,12
-82,5
-81,-4
-63,-18
-49,-3
78,-3
-79,-7
-71,13
-71,13
64,14
-74,0
71,-1
-74,8
-79,-25
-67,-9
-51,29
82,-1
82,-1
53,-25
82,-2
81,4
-33,35
78,-2
-77,4
86,6
-76,0
-77,6
73,16
-78,3
-55,-5
-81,-1
-74,5
76,9
-71,21
-70,-21
-67,16
56,7
-79,3
-86,1
-77,-4
85,-10
71,2
-67,-11
36,0
60,-12
-80,7
-74,-8
52,6
34,-23
70,8
-82,-16
-76,34
41,-30
75,6
51,-11
-82,1
81,0
68,22
-78,-5
-47,-27
40,-36
-79,-5
-86,-8
40,-16
81,-4
-78,-3
53,34
40,11
-85,6
-52,11
-62,-2
-69,17
64,13
-84,-4
81,-4
-76,-5
-72,17
-79,7
81,2
-75,1
-64,-1
-56,-1
-8,-24
83,6
-80,1
83,-6
64,3
88,6
76,-9
-80,7
81,3
42,21
-53,-20
-56,11
-73,4
38,-25
-77,4
-37,-2
49,9
-40,38
78,-11
83,4
-73,7
-80,0
-70,6
-81,0
35,-27
75,-2
-83,-20
50,-24
73,-9
80,3
-39,30
75,-2
82,3
-36,3
83,-7
-55,13
-77,1
-66,-1
-63,-18
-61,24
-74,-4
-72,9
-67,5
-61,9
69,2
77,8
-82,-9
86,12
56,12
-85,-9
-77,3
62,-25
-83,-6
68,14
75,1
82,-7
81,-2
73,0
73,2
-74,4
-32,3
-80,5
82,-8
-84,4
60,36
-75,7
-64,22
-85,4
-79,-2
-76,5
64,4
54,0
83,7
-73,-14
-84,-4
62,-6
81,3
-73,-7
54,-27
-56,5
82,-15
-82,0
-74,-4
-72,3
82,-7
64,-24
60,-8
-81,-4
-75,-11
-31,-29
-84,-6
68,-10
-73,0
-70,1
-89,-13
-81,2
72,-14
-74,6
-75,2
-82,21
80,-14
79,0
-85,8
-83,1
-74,2
64,-24
83,4
-79,-10
-39,-30
80,6
81,7
81,7
56,-11
81,-1
-82,4
63,-24
75,-2
78,-11
81,6
42,-7
67,-24
-67,19
-81,3
-72,2
-71,12
-77,-3
64,0
77,-3
-80,8
-79,-3
67,-20
83,2
-82,-4
67,4
76,-11
69,-1
80,-7
84,7
-67,4
61,0
-64,4
-80,2
72,10
81,-18
78,-1
73,-11
-77,0
77,-3
65,-4
-73,3
83,-7
-84,-5
-55,-28
81,-5
-84,0
-43,-4
-85,2
70,0
82,2
-70,10
64,-1
-75,5
82,-8
55,-2
-83,-6
83,-6
65,18
-37,-18
64,-16
81,-1
-78,0
-52,-1
-56,-10
81,-5
-78,-2
78,-4
-80,0
76,3
78,-4
34,22
60,15
60,-6
-83,0
-32,36
-81,-5
36,-23
-52,-20
33,-25
86,-4
-79,1
54,9
-85,2
-56,8
82,-14
81,-2
-87,5
-82,3
47,-2
70,-27
67,16
64,0
-79,5
-61,-2
80,-7
81,6
-59,-2
80,-5
84,-16
-66,-36
80,-3
-70,-22
77,2
-68,10
-44,-18
65,29
-42,-4
66,0
54,-1
-45,8
-56,-5
79,0
69,-7
69,-19
-81,5
79,0
-68,-18
-54,36
81,-14
74,-3
81,3
66,11
-82,13
-89,12
81,5
-82,2
86,9
-66,-4
-79,2
75,-1
78,-5
79,7
-71,7
-67,13
43,-1
-37,-33
-72,1
-74,20
74,1
-81,6
84,-5
80,-3
-83,-5
73,-10
-79,3
54,10
57,16
-90,-17
68,-21
-68,-25
-75,4
60,4
79,6
-83,4
75,3
-64,20
68,-13
-72,-5
-66,-9
77,0
-64,-17
54,26
-65,1
-69,3
-70,-3
-63,-15
-69,0
-81,1
-58,-9
77,2
-80,9
-70,3
-53,0
-82,8
-51,-28
56,-18
82,-7
83,-4
78,5
-81,4
-80,25
75,0
-80,-1
58,27
-86,7
78,7
-85,2
80,-5
79,-15
78,-3
60,0
61,-27
-81,5
-74,1
73,-1
-76,2
73,3
81,6
-80,-5
76,27
49,18
-78,-1
83,-7
83,-8
-76,1
71,2
81,-3
61,12
-71,29
85,-6
-73,-7
79,10
84,-9
86,-6
-59,-13
84,24
81,4
-68,3
-55,1
-55,-24
85,4
-64,-16
-72,11
61,28
76,5
-78,12
82,6
-74,-14
-77,-2
-54,4
84,-4
-79,-1
-80,0
-78,0
-80,-2
-83,-3
77,0
-81,-1
-77,1
73,-4
-78,0
80,-11
-77,3
-67,21
77,0
72,5
-71,2
-66,-10
-73,0
68,0
67,21
84,5
-82,1
-74,2
-35,11
52,-29
83,-12
66,-23
85,-5
-80,-3
70,1
-82,-4
69,3
-82,-5
83,8
50,2
74,4
-59,-22
-79,-1
76,11
87,-4
63,-12
68,-20
-66,-6
-84,8
72,-6
-72,13
71,1
76,-8
-86,-16
48,-26
-84,-4
-84,1
85,3
-61,1
-76,-19
-73,1
69,3
69,3
80,0
-68,-1
-74,-3
-79,-5
-32,33
58,11
-31,-28
-75,5
80,-11
-79,-8
71,-22
-32,7
-72,7
-76,5
61,-5
78,3
77,3
-79,-8
78,3
-84,-6
-74,25
75,5
83,4
59,1
-79,2
72,-8
68,-13
65,-3
-72,12
51,-17
-82,3
-82,-3
77,0
-84,3
80,4
79,1
-79,2
74,2
-74,7
73,2
-79,-5
83,4
79,-3
74,10
84,5
-68,12
81,-2
-74,0
-84,2
-87,10
62,2
80,-11
-37,-3
-34,31
50,15
-66,-5
69,-3
51,10
-80,6
-74,-1
37,6
85,-11
-65,-16
82,-2
-77,-2
-53,-6
-82,1
-86,5
77,0
-79,3
76,3
81,-1
86,6
79,4
-69,11
73,-19
75,4
53,-13
-74,-13
80,-4
68,-3
77,-1
-69,18
77,-1
-82,3
-81,0
-78,9
81,0
70,2
-78,-2
-74,7
-80,25
-76,10
-33,-27
-79,0
81,0
77,2
-77,1
81,-10
-73,8
-47,-2
-73,-9
82,-2
-85,-7
-81,-5
80,-4
-79,-2
68,-19
41,-35
64,4
-69,35
-39,4
79,-17
-86,-4
-84,-10
-39,-2
-55,32
-44,-2
-56,23
78,-1
-64,-10
-79,23
44,25
74,-10
75,-16
-50,-30
59,-28
85,-9
33,23
84,-3
-80,0
76,-14
77,-2
76,5
-76,-3
37,4
72,0
-75,-28
-76,12
-80,10
76,10
-67,3
-84,-3
75,-14
40,-2
-87,-7
77,-2
81,-5
39,29
57,18
-65,10
78,-1
-71,7
-36,-20
-62,-1
-67,-39
-84,-5
-79,4
-35,28
-79,12
-86,8
82,-5
-79,-3
64,29
61,-25
-81,-5
-68,17
82,-2
-66,8
-65,9
82,3
81,-1
-81,3
66,-10
-81,0
-63,36
-75,-13
74,8
69,-9
-82,3
-74,0
-88,-3
2,27
85,10
81,-5
80,2
-79,-14
-45,-6
-56,-17
-65,35
-44,-24
-84,-4
-51,19
70,1
-68,21
-79,9
63,7
51,-20
-78,5
-79,2
76,-28
-77,5
-65,15
-78,0
78,3
-78,2
-66,19
78,4
76,4
-50,8
75,6
-79,-24
84,-11
-67,0
-72,1
-81,-5
77,5
56,-24
-35,-6
31,-30
67,-1
74,-1
-82,-4
62,6
-68,26
86,5
78,5
-66,-9
79,-2
-76,7
82,-23
-74,-6
-73,10
71,1
-40,1
75,-3
80,8
56,-5
74,-3
93,18
82,8
-82,-6
-81,1
-80,2
-79,0
-81,-7
74,14
-97,9
82,-14
69,1
64,-6
-79,-2
70,-10
74,0
-66,19
-74,12
71,0
84,-16
81,4
78,2
82,-6
-80,1
72,5
-82,-3
-80,1
-84,-8
60,23
-77,3
33,7
-81,2
-63,3
84,-3
53,1
78,-16
38,-2
53,-15
65,-23
-97,12
31,21
68,-10
66,22
-53,22
65,-17
-84,4
-82,-9
75,8
-78,-1
83,6
83,-6
-67,-28
40,-10
-84,-1
-74,1
79,-2
-73,-1
-78,0
-82,20
-59,-20
-79,-3
79,6
-78,-1
-46,-5
-82,5
-64,-15
-80,-18
-73,7
-83,0
82,2
-78,0
-80,-1
-49,-12
-62,-7
71,-4
81,1
-60,-4
51,-19
19,21
-82,-10
-71,-14
86,-6
69,1
45,-21
80,4
-81,-2
54,7
-77,24
80,-1
-73,7
-55,-4
78,3
73,-13
-80,3
-76,12
-84,4
74,2
-83,-6
-78,0
84,-5
-75,-20
-85,-5
85,5
-81,4
79,5
84,6
72,-2
73,5
-82,-8
-65,-20
-67,-19
-73,-11
60,24
-78,11
-76,0
78,-2
82,-5
-90,-13
78,11
76,0
73,8
10,21
-71,1
-85,-4
-85,6
-74,-1
72,6
67,12
77,33
68,-19
83,-9
-80,2
-80,1
65,0
-81,1
74,1
84,-27
-58,17
-67,14
-60,-13
-58,25
96,-9
-81,-13
-78,-2
77,1
76,0
-76,36
-73,-2
78,-4
-30,-30
76,2
54,2
-76,7
45,1
47,-4
-78,1
38,2
48,6
-80,3
-38,-8
79,-16
-80,3
61,32
-71,22
76,-15
-78,-8
-85,-7
57,16
-78,13
78,9
83,5
-82,5
67,5
81,-4
-93,18
-84,7
-84,5
88,4
47,-3
-70,-7
-84,7
60,-22
-33,9
70,-21
-81,-2
-80,-16
85,-5
37,-21
-77,0
55,1
79,-7
82,-8
-74,-4
76,4
-79,-3
-33,-18
79,-4
77,-2
81,7
85,10
74,4
-79,9
-48,-24
-33,35
-71,1
42,26
66,-1
58,-5
-87,12
-91,8
-71,-20
-70,-15
81,1
70,15
-60,12
-37,12
56,4
-84,1
-61,17
-78,-8
64,-12
62,-4
-64,11
-68,-14
84,0
-84,4
17,-10
82,-5
65,-16
-66,21
-81,2
-42,12
-72,-4
80,-3
85,9
-69,2
-77,-2
-79,11
-73,8
78,1
49,9
-70,2
-65,37
-74,-3
-74,-9
72,9
79,9
-81,0
59,-5
78,-1
-84,1
-65,35
-66,29
-49,-26
-68,-3
72,8
-57,-7
-79,1
-79,-2
34,25
-48,-7
80,-4
-42,-23
-79,-6
58,-12
41,42
-72,3
86,28
-66,1
-81,7
-54,-12
-69,0
-77,5
-83,1
53,7
-76,-14
80,-5
-79,6
-64,8
-82,1
-73,-5
84,4
80,3
36,-24
31,-24
84,5
-85,-9
-59,-7
74,-8
-50,34
38,3
34,-4
37,7
-77,0
-78,0
-77,3
-74,-1
-75,-13
-67,38
85,0
-81,11
-87,3
67,6
86,4
79,-2
-77,-2
-88,3
-89,-15
82,14
71,13
68,3
-71,16
62,-16
63,-24
-76,15
73,33
-4,-40
55,10
-78,14
-61,16
-82,5
-62,-11
-58,11
-67,-4
71,14
65,-15
-75,5
-60,0
-75,0
79,-15
-60,-24
75,0
-68,0
82,8
-78,-1
57,3
67,-18
-66,-21
-68,-1
-69,4
62,0
-72,8
80,-2
80,2
81,1
81,-1
82,-1
-81,6
-77,-2
72,3
-78,3
76,-5
-79,2
56,2
-78,7
-36,30
44,-12
-80,4
-80,-6
-79,-5
-78,18
-62,13
-59,18
-58,18
-64,13
-84,-6
-80,0
-50,-36
58,-9
63,-11
-68,25
61,10
-73,11
99,3
-33,6
42,-10
52,-18
-72,0
-80,0
79,3
71,-4
79,1
71,-14
-50,19
67,-19
-83,-23
62,1
80,-1
-68,2
-85,-3
-76,0
-83,6
80,-1
-80,0
-61,17
74,-3
77,11
-85,8
67,1
81,-9
-70,-6
70,3
82,-9
59,-1
62,-12
83,-8
-81,2
-80,-4
74,-1
38,13
82,4
72,3
-63,1
64,12
-82,4
-61,-11
-88,2
57,6
75,3
-86,-4
-65,-2
-13,-33
62,-19
-65,15
56,22
82,1
72,-3
72,16
-79,-2
86,-4
-66,21
-83,7
